{
  "mean_rank": 647.4165,
  "hits@k": {
    "1": 0.14091666666666666,
    "3": 0.32858333333333334,
    "5": 0.411,
    "10": 0.5071666666666667
  }
}