{
  "mean_rank": 135.67977528089887,
  "hits@k": {
    "1": 0.15730337078651685,
    "3": 0.5056179775280899,
    "5": 0.5589887640449438,
    "10": 0.6235955056179775
  }
}