{
  "mean_rank": 133.86666666666667,
  "hits@k": {
    "1": 0.18333333333333332,
    "3": 0.48333333333333334,
    "5": 0.5305555555555556,
    "10": 0.6
  }
}